Group,flux [Jy km/s /BA],uncert
01,27.129008678469937,0.23246837332496254
02,123.77580807532792,0.15027820078629056
04,39.66875170206971,0.11158291992840239
05,128.35332736341942,0.14512170003358565
06,529.9510551042815,0.22257152231733957
07,641.1701282025989,0.20393821754787872
